Department,MAE,MAPE,R2
ALL,148667.93402216845,0.017206999834880162,0.9958132710177439
G&A,205440.1330951117,0.03183347631391467,-3.94353540727365
Marketing,101168.64052781416,0.016882363955797074,0.4381630200042268
Operations,184793.85341439722,0.015780407646384154,0.2846357589332478
R&D,126936.91643688036,0.010924506426316887,-0.1951304360083841
Sales,125000.12663663877,0.01061424483198802,-3.55143275750033
